,opinion
14,0.011547344110854504
1,0.0018717828731867104
0,0.015767634854771784
17,0.007336757153338224
12,-0.0026246719160104987
16,-0.0059031877213695395
13,0.0007668711656441718
2,0.0040467625899280575
9,-0.017231638418079096
19,0.0035486160397444995
18,0.0029895366218236174
21,0.0
23,0.011286681715575621
25,-0.010033444816053512
15,0.006855184233076264
22,-0.020059435364041606
6,0.009083728278041074
8,0.011432926829268292
24,0.007560483870967742
27,-0.010738831615120275
30,0.02643573381950775
20,0.001348799568384138
3,0.011990407673860911
11,0.00375
33,-0.0024834437086092716
4,0.0007880220646178094
37,0.007662835249042145
26,0.017842876165113184
31,0.008516678495386799
10,0.002222551489109498
39,0.009794319294809012
40,0.0140625
35,0.0005624296962879641
38,0.0019665683382497543
28,0.021720243266724587
34,-0.003279584585952446
5,0.0017179447134155865
36,-0.002205419029615627
43,-0.010587102983638113
49,0.015873015873015872
44,-0.002694207453973956
45,-0.003424657534246575
48,0.01086443079829948
51,0.0
56,-0.022988505747126436
54,0.007150153217568948
46,-0.00036036036036036037
53,-0.005095541401273885
29,-0.006743566992014197
52,0.01456531634046427
59,-0.010377358490566037
57,0.010076775431861805
55,-0.007862407862407862
41,0.00033927056827820186
42,0.006693760459000717
58,0.004548408057179987
61,0.006245662734212352
60,-0.014903129657228018
65,-0.005030181086519115
47,-0.014255765199161425
67,-0.011494252873563218
68,-0.011049723756906077
63,-0.009884678747940691
75,-0.00823045267489712
62,0.00785276073619632
66,-0.002807411566535654
50,0.007232212666145426
70,-0.0011968880909634949
64,-0.005214368482039398
76,0.013537906137184115
74,0.005572755417956657
69,-0.008563643441027637
80,-0.001095290251916758
77,0.0
83,0.00832072617246596
79,0.002805049088359046
84,-0.08413672217353199
85,-0.041970802919708027
73,-0.0057859209257473485
72,0.003899142188718482
81,-0.01532567049808429
71,-0.0013902681231380337
78,0.0015629884338855893
90,0.001344688480502017
82,-0.004403669724770643
91,-0.005252790544977019
93,0.0
89,-0.001601024655779699
94,-0.0033264033264033266
99,-0.028695652173913042
95,0.0045473336089293095
96,-0.03911735205616851
103,-0.01432469304229195
92,-0.0009610764055742432
97,-0.03409906676238335
106,0.0
108,-0.036827195467422094
107,-0.004761904761904762
105,0.020257826887661142
98,-0.032376298106292
87,-0.007699275362318841
88,-0.0014245014245014246
104,-0.04194260485651214
109,-0.03380588876772083
112,-0.023890784982935155
102,-0.008004926108374385
101,-0.015196564255037992
113,-0.003658536585365854
119,0.02336448598130841
120,-0.012048192771084338
111,0.0019801980198019802
126,0.004189944134078212
117,-0.024193548387096774
100,0.003993154592127781
122,0.004195804195804196
123,0.003076923076923077
115,-0.014602487831260141
114,-0.006932409012131715
118,-0.01744186046511628
128,-0.00390625
127,-0.012585812356979404
135,0.0
116,-0.020793950850661626
133,0.004352557127312296
121,-0.024284475281873375
110,-0.008472100496640374
125,-0.06424697538589905
124,-0.018420446695832374
130,-0.001352265043948614
143,0.0
129,-0.00041684035014589413
131,-0.009965504024530471
132,-0.013550135501355014
142,-0.006622516556291391
137,-0.03968938740293356
141,-0.021203830369357045
134,-0.043949771689497714
148,0.01633605600933489
140,-0.04462809917355372
151,0.005082592121982211
152,-0.028846153846153848
136,-0.007823129251700681
138,0.0015806111696522655
146,-0.02511591962905719
144,-0.06702828361100349
145,-0.011255411255411256
139,-0.004575163398692811
162,0.0
161,0.014268727705112961
147,-0.014593698175787729
150,-0.022085889570552148
149,-0.006053726825576996
160,-0.02699228791773779
153,-0.033560090702947847
169,0.0
167,-0.011560693641618497
166,-0.00847457627118644
158,-0.007194244604316547
156,0.008798775822494262
154,0.001504324934185784
157,0.00589622641509434
163,-0.04890738813735692
159,-0.04611066559743384
155,-0.09793211080764729
173,0.012413793103448275
168,-0.07337220602526726
175,0.012080536912751677
176,-0.027366020524515394
171,-0.0014577259475218659
165,-0.0003255208333333333
177,0.0023894862604540022
180,-0.01411764705882353
170,-0.014375230372281608
174,-0.00856225472707813
184,0.004171011470281543
164,-0.00975609756097561
187,0.007334963325183374
182,0.005055611729019211
179,-0.0025733401955738548
189,0.027194066749072928
183,-0.00975177304964539
172,-0.025234025234025233
181,-0.050617283950617285
178,-0.020610384462940945
195,0.0032733224222585926
186,-0.007293007293007293
185,0.004339250493096647
199,0.013986013986013986
191,-0.0017660044150110375
190,0.0019569471624266144
193,-0.009263547938860583
188,-0.024024024024024024
198,0.0037546933667083854
200,-0.005421686746987952
192,-0.0027991602519244225
202,0.009878419452887538
203,-0.013523131672597865
196,0.002716161158895428
201,0.0031919744642042863
194,0.010607521697203472
204,-0.00975609756097561
205,-0.01383399209486166
206,0.006063230835859679
207,0.006230529595015576
213,-0.0059665871121718375
197,-0.011292834890965732
217,0.0
208,-0.007417709782104775
209,0.0048209366391184574
212,0.014736842105263158
215,-0.0036603221083455345
220,-0.0014064697609001407
216,-0.003116651825467498
214,-0.0075877331647170405
211,0.008974358974358974
224,0.008318478906714201
219,0.009956853634251576
227,0.004895960832313341
226,-0.024777933613838243
221,-0.0009416195856873823
218,-0.004757656853999405
210,-0.007923169267707083
228,0.00045310376076121433
230,0.02002503128911139
232,0.0017094017094017094
231,0.0033016921172100704
236,-0.038850452368281004
235,-0.017331932773109245
229,-0.017096493769921763
223,-0.0008684324793747286
238,0.007710100231303007
234,0.0
233,0.03413654618473896
225,-0.010395010395010396
222,-0.01672311600338696
239,0.02738095238095238
243,-0.0005230125523012552
244,-0.010924981791697014
249,0.0032310177705977385
241,-0.00228310502283105
246,-0.0011049723756906078
242,-0.027871431782423017
248,0.012181616832779624
250,0.009697661152310326
240,0.010848126232741617
237,0.0014364376346660283
251,-0.004622941346431667
259,0.0
258,-0.0019059720457433292
253,0.021869244935543278
256,-0.011160714285714286
255,0.008881578947368421
262,-0.023355869698832205
260,-0.006743088334457181
266,-0.011933174224343675
267,0.0013745704467353953
264,-0.02219482120838471
263,-0.027694160144491272
247,0.004244482173174873
257,-0.0055079559363525096
268,-0.0012468827930174563
265,-0.024072216649949848
254,-0.004194423883543055
252,-0.006868918145392101
269,-0.010371650821089023
261,-0.014421601718318503
270,0.0
245,0.009751340809361287
278,0.008075370121130552
275,0.0008417508417508417
281,0.007001166861143524
273,0.002294893861158921
283,-0.007049345417925478
271,0.0029093931837073984
282,0.013930348258706468
277,-0.0026101141924959217
279,-0.005649717514124294
276,0.01537744641192917
272,-0.0041814088131231905
280,-0.025322503583373148
285,-0.005971769815418024
286,-0.006426735218508998
7,0.011493117302245934
274,0.011611030478955007
297,-0.0008583690987124463
293,0.008360128617363344
292,-0.00648228176318064
290,-0.03188405797101449
298,-0.007784120394395433
296,0.002871500358937545
301,-0.02038216560509554
291,-0.001932367149758454
299,0.0021493820526598604
289,0.005965061780997018
295,-0.010497237569060774
300,-0.017582417582417582
303,0.0055248618784530384
308,-0.04057591623036649
309,0.0033112582781456954
307,-0.009926854754440962
310,0.004166666666666667
314,-0.006920415224913495
306,0.0007934408886537953
302,0.00916988416988417
313,-0.007917888563049853
319,-0.00396600566572238
316,0.005763688760806916
321,0.0030807147258163892
322,0.004490057729313663
294,-0.027742749054224466
318,0.008595988538681949
317,0.01120915812067732
312,0.0015930814747382794
320,0.008056872037914692
323,0.013520038628681796
324,0.004079254079254079
326,-0.013300083125519535
327,0.0023273855702094647
329,0.007058823529411765
304,0.004162330905306972
330,0.004417448923246825
328,0.006131549609810479
305,0.0001532567049808429
336,-0.00404040404040404
325,0.0023937761819269898
333,0.007250418293363078
335,-0.009701492537313432
331,0.003879310344827586
339,-0.023046092184368736
332,-0.027963139497934542
334,-0.0007426661715558856
350,0.0036101083032490976
349,0.021706586826347306
343,0.0006020469596628537
345,0.01545253863134658
340,-0.017357222844344905
342,0.007289293849658315
341,0.008008008008008008
344,-0.0005367686527106817
347,-0.03821062441752097
337,-0.0009203865623561896
311,0.01192504258943782
351,-0.01584786053882726
348,-0.0005449591280653951
360,0.00801068090787717
353,0.0017094017094017094
355,0.005372733378106112
361,0.011917659804983749
359,-0.011399908800729594
352,-0.0011498658489842851
354,0.0008726003490401396
356,0.01064935064935065
346,0.000158052789631737
357,0.018925831202046037
364,0.007629107981220657
362,-0.00732824427480916
370,-0.002717391304347826
371,-0.005241090146750524
358,0.006611165523996082
369,-0.013824884792626729
284,0.0008681093817821046
363,-0.04819277108433735
374,-0.005434782608695652
367,-0.019440353460972018
372,-0.00044802867383512545
373,0.007226738934056007
381,0.0017699115044247787
382,0.006386861313868613
376,-0.0036003600360036
383,-0.009282700421940928
378,-0.0380559376432829
365,-0.018018018018018018
368,0.019922748526123194
375,-0.05068460245015614
377,0.006039415130324221
366,-0.01615397834679498
386,0.002776492364645997
387,-0.00886426592797784
385,-0.027303754266211604
394,0.006968641114982578
391,0.0
388,0.008375209380234505
384,0.0075
399,-0.0026472534745201853
398,0.0
395,-0.005319148936170213
390,0.001391304347826087
402,-0.003289473684210526
396,-0.010309278350515464
401,0.005904681568958245
380,-0.0024196335983408227
403,-0.019164619164619166
406,0.028862478777589132
389,0.009909304669129997
407,-0.001260239445494644
408,0.012399708242159009
397,-0.013476347634763476
404,0.009966777408637873
392,0.012383177570093457
409,0.007486979166666667
405,-0.07016871165644172
410,-0.0010298661174047373
338,-0.03479914960277498
393,-0.0027472527472527475
414,-0.006784968684759917
415,0.004214328717639976
419,0.0
413,-0.007728401876897599
421,0.0010335917312661498
428,-0.0028735632183908046
423,-0.011880165289256199
427,-0.005671077504725898
416,-0.0027451959071624656
425,-0.007846556233653008
379,-0.002590157401872883
422,-0.006815968841285297
411,-0.004159576479485725
418,-0.00026171159382360636
426,0.007048872180451127
424,0.0030874785591766723
430,-0.0010899182561307902
429,-0.015348288075560802
431,0.009111617312072893
436,-0.009019165727170236
420,0.004796839729119639
433,0.00440852314474651
434,0.014675052410901468
437,0.009230769230769232
432,0.010392609699769052
438,0.004204204204204204
440,-0.007887517146776405
435,-0.010005558643690939
443,-0.005947955390334572
439,-0.0031652724395206874
448,0.004219409282700422
444,0.03864734299516908
445,-0.00857551214864221
450,0.005531653349723417
442,-0.007104194857916103
447,-0.0009569377990430622
400,0.005027187852672617
451,-0.0005027652086475615
453,-0.011844938980617373
459,-0.008583690987124463
455,0.0025584795321637425
449,0.0010649627263045794
460,-0.005227781926811053
446,-0.004650132860938884
458,-0.004403522818254604
441,0.0011383964872336966
457,0.008907159986296678
463,0.01061410159211524
465,0.0048250904704463205
467,-0.009738283627510651
462,0.014423076923076924
456,0.001100715465052284
454,0.010200153964588145
466,-0.0076103500761035
472,0.018633540372670808
464,-0.0031847133757961785
471,-0.05544455544455545
475,0.002031144211238998
469,-0.04259634888438134
473,0.007413509060955519
412,-0.0038992435467519303
479,-0.0075394105551747775
480,-0.054125065685759324
470,0.0026894865525672372
468,-0.004791481810115351
484,-0.06498829039812647
486,0.004545454545454545
476,0.014818140996856757
477,0.010748065348237317
482,-0.03778838504375497
489,-0.011529592621060722
485,-0.002977667493796526
481,-0.017857142857142856
483,-0.03817292006525286
495,-0.013571428571428571
488,-0.014029618082618862
496,-0.0033967391304347825
494,-0.008999470619375331
491,-0.011079455523899969
497,-0.0013351134846461949
474,-0.006870367022238293
500,-0.04957005563985837
493,-0.0036112934996717005
492,-0.026986506746626688
502,-0.01591187270501836
487,-0.02034084661902144
490,-0.007417974322396576
505,-0.05776892430278884
499,0.00422102839600921
510,-0.022181146025878003
504,-0.014846235418875928
513,0.010029498525073746
508,0.01097560975609756
517,-0.0035971223021582736
507,0.004453441295546558
498,-0.006304176516942475
515,0.01384083044982699
519,-0.009210526315789473
521,0.008830022075055188
512,-0.001525165226232842
514,-0.003033367037411527
509,0.007579717720857292
506,0.0017738359201773836
523,0.004972875226039783
503,-0.016287136178555272
524,0.0031963470319634705
518,0.0021488047273704003
527,-0.0045207956600361665
452,0.004123711340206186
526,0.013763440860215054
531,0.004734848484848485
520,0.0005564830272676684
529,0.000851063829787234
528,-0.028509951586874662
501,0.0032445586048398
530,0.0008067769261799112
534,-0.016181229773462782
536,0.004916420845624385
533,-0.006346967559943582
516,0.0059045226130653265
525,0.0011902400317397343
539,-0.0358945597307908
532,-0.006385696040868455
544,-0.0013869625520110957
538,0.01056910569105691
540,0.017127286882055275
546,-0.0023880597014925373
550,-0.0027958993476234857
541,0.0002844141069397042
549,0.007621121393576484
551,-0.0052588996763754045
547,0.009285714285714286
545,-0.0281093569503273
556,-0.0012360939431396785
557,-0.013836477987421384
554,0.007918910357934749
522,0.0013781007266349286
548,0.0017648356496801235
555,-0.001128668171557562
543,-0.007679385649148068
561,-0.020520915548539857
563,0.0
553,-0.001737403822288409
535,-0.013194546254214925
552,-0.022867904223836426
558,-0.006415620641562064
567,-0.029045643153526972
565,0.004219409282700422
559,0.003816793893129771
560,-0.00889271371199082
562,0.0067943174799258805
542,-0.0011918951132300357
569,-0.013127853881278538
566,-0.004820333041191937
564,0.004887983706720978
572,-0.00941346850108617
576,0.008296107211231652
568,0.0012124886329190664
578,-0.0064612326043737576
580,0.008022922636103151
574,0.0017167381974248926
579,-0.0022667170381564035
575,0.007207771858351614
581,0.011144883485309016
577,-0.0020521841102316037
587,-0.0015212981744421906
586,-0.009068425391591096
571,-0.0027100271002710027
511,-0.009308702554481166
584,-0.017352185089974295
588,0.0019743336623889436
591,0.0059850374064837905
582,0.0065298507462686565
570,0.002493321460373998
593,0.009198926791874281
589,-0.003581376840429765
599,-0.0013012361743656475
600,0.013539651837524178
585,-0.031529612270984234
596,0.026964814205853338
590,-0.005296610169491525
601,-0.0004098360655737705
592,-0.002619629758994062
583,-0.011132708959180067
608,0.0018573551263001485
607,-0.006209037599172128
595,-0.014672686230248307
605,-0.003418803418803419
604,-0.0016032064128256513
594,0.0050325015726567415
606,-0.0030310684516291994
598,-0.00300187617260788
610,-0.003415559772296015
616,0.0041946308724832215
614,0.018018018018018018
611,-0.01893821794473766
621,0.01953125
615,0.019570405727923627
619,0.0065040650406504065
613,-0.008674531575294934
602,-0.007401448109412711
618,0.01059926620464737
620,0.01104728236853734
622,0.0
625,0.007611798287345386
624,-0.005593536357986327
603,0.003744708563985672
617,-0.002018454440599769
626,-0.01004228329809725
629,-0.005151098901098901
597,-0.03318406246411758
630,-0.007257810034711265
609,-0.010232711668592177
633,-0.02211208539839878
636,0.0031746031746031746
631,-0.013050570962479609
641,-0.012291483757682178
639,0.00209819555182543
637,-0.0010534632604687912
632,-0.007332722273143905
628,-0.0018522329697468615
635,-0.012039660056657223
623,-0.019234162696311983
644,0.015310233682514102
646,-0.029156816390858944
627,0.0033599328013439733
638,-0.031482541499713794
640,0.0027958993476234857
643,0.013015991074748977
645,0.006013745704467354
634,0.005036807438977141
647,0.004332129963898917
650,-0.012976480129764802
649,-0.0025789813023855577
651,0.07907845579078455
654,-0.0295411690760528
657,-0.0005091649694501018
658,0.0041936713686618375
642,0.00414651002073255
660,-0.009368836291913214
665,-0.0022497187851518562
664,0.002142857142857143
652,0.006272050176401411
648,0.009266613714588298
667,-0.011863224005582694
659,0.007407407407407408
668,0.0045841519318926
671,0.017889087656529516
653,0.010038610038610039
669,0.002871912693854107
677,0.0005844535359438924
662,0.010893246187363835
673,0.0026954177897574125
674,-0.0002361275088547816
670,0.003115264797507788
675,-0.01387846961740435
656,-0.002894356005788712
661,-0.009759581052130446
672,-0.008916509051607674
676,0.01096558026195553
666,-0.007585974376264329
663,0.007574674860654566
685,-0.0011961722488038277
684,-0.015469061876247504
693,0.013377926421404682
688,0.004048582995951417
686,0.002683581361307636
687,-0.03307436182019978
655,-0.020536781484298598
691,0.0038314176245210726
692,-0.007505629221916437
683,-0.00259163272861903
696,0.018408941485864562
697,-0.008749544294567991
681,-0.00840736040609137
695,0.001515610791148833
680,-0.007279854402911942
679,-0.01769406392694064
701,0.022427440633245383
694,-0.013647310677013648
705,-0.02579132473622509
678,0.013468523002421308
707,-0.012461059190031152
712,0.0019474196689386564
704,-0.0022307202039515616
708,-0.008521674694331233
700,-0.006412124744972311
706,-0.005175600739371534
710,0.0066050198150594455
711,0.027573529411764705
709,-0.005796113194681214
715,0.0027036160865157146
703,0.00544624033731553
699,-0.006326611308817715
713,-0.016758241758241758
717,0.0009254974548819991
723,-0.03730445246690734
720,0.0049261083743842365
698,0.005572582892170521
716,0.004993009786299181
721,-0.01779935275080906
725,-0.0062827225130890054
702,-0.012866015971606033
714,0.0036993442071632755
724,-0.014106583072100314
727,0.002277904328018223
732,0.0
719,-0.002452859113904645
722,0.00900210687607738
737,0.018803418803418803
726,-0.009040333796940195
734,0.0
735,0.004195804195804196
728,0.007443591532914631
736,-0.009093664746892998
729,-0.003289473684210526
741,-0.006628369421122404
743,-0.003911342894393742
718,-0.01082004555808656
745,-0.008281573498964804
739,-0.014523937600860678
730,0.014779171678982643
744,-0.006578947368421052
747,-0.016623207301173403
746,-0.005511160099200882
742,0.004750593824228029
750,-0.007674597083653108
751,-0.0044753853804077575
740,0.0037970838396111785
752,-0.0045871559633027525
738,0.006798187150093308
757,0.0080042689434365
749,0.010770059235325794
759,-0.02671555788370875
682,0.005258496623491642
763,-0.0007968127490039841
760,0.003844809507165327
758,0.0015878056525881232
762,0.0008278145695364238
764,0.01216089803554724
761,0.0009442870632672333
748,-0.002686817800167926
755,0.009695973705834018
765,-0.01165396683101748
766,0.0029850746268656717
773,0.003778932451582428
774,-0.017998941238750663
776,0.0048814504881450485
771,0.0019477989871445266
756,0.00754985754985755
777,-0.025150905432595575
768,0.010984368398817067
770,0.018683274021352312
772,0.007713498622589532
753,0.005567338282078473
769,-0.005974112180550946
779,0.016522718738265114
781,-0.006144393241167435
784,-0.017902813299232736
782,0.002789400278940028
775,0.0027331738981892723
789,0.004435994930291508
767,0.00992234685073339
783,-0.04566982408660352
778,-0.029324598346591794
788,-0.0006349206349206349
754,-0.006806425265450586
791,0.02207041513399895
796,0.011612021857923498
787,0.009447826999790049
731,-0.015827580400740865
793,0.0038330494037478705
798,0.009813084112149532
800,0.0011648223645894002
785,0.00017096939647803043
799,-0.012620192307692308
786,0.008417770849571318
780,0.00527774112679773
804,0.013822115384615384
795,-0.0008920606601248885
801,0.0060931899641577065
807,0.003852889667250438
802,-0.004326123128119801
797,0.00402930402930403
811,-0.006294964028776978
794,0.002030269472129937
808,0.004903809883062995
792,0.0013504388926401081
809,-0.016666666666666666
806,0.007484629778134189
815,-0.012175962293794187
803,-0.021263386621139222
813,0.010073875083948958
810,-0.0011160714285714285
805,-0.0070898041863605675
823,0.006822057987492893
814,0.012958963282937365
822,0.0021806853582554517
825,-0.011138613861386138
828,-0.03994900127496812
816,-0.00033829499323410016
819,0.002624266748996604
817,-0.0017659335366832557
831,-0.006666666666666667
820,-0.008789828912258673
827,0.01041264944080216
829,0.015257469802924348
830,0.021162123385939743
812,-0.01738369184592296
838,-0.0011976047904191617
834,-0.029785688339992736
842,-0.02445414847161572
821,0.006994888350820554
689,0.007531712473572939
836,-0.030839367122552964
835,-0.019659818864590235
839,0.015342340279367987
843,-0.03908106680749934
826,0.003714333952388992
847,-0.0029806259314456036
848,-0.015771028037383176
850,-0.026831785345717233
851,-0.0019704433497536944
832,0.005628775398132894
849,-0.021937842778793418
844,-0.073992673992674
846,0.007803790412486065
841,-0.020782918149466194
845,-0.007814295564238107
833,-0.005215523853351741
840,0.01636266094420601
853,0.007183908045977011
837,-0.01945901186861717
852,0.0028061735818801364
855,0.008774780630484237
858,0.008526512123634426
860,-0.004503311258278146
818,-0.00980537810132224
865,0.012755102040816327
862,0.008269344359125812
859,0.006619009796134498
867,-0.015187849720223821
869,0.005877413937867338
857,0.00312035661218425
856,0.011758012516593969
866,-0.007724719101123595
874,-0.02032520325203252
868,0.006783198539003391
861,-0.012112403100775194
872,0.00628722700198544
873,-0.035798816568047336
877,0.01056910569105691
880,0.015732546705998034
871,0.0
876,0.017957351290684626
864,0.0022963870177587263
870,-0.00658578856152513
885,-0.0017667844522968198
878,0.010740203193033381
887,-0.010592519033432638
875,-0.024615892945646787
889,-0.004275026718916993
879,-0.0019201228878648233
891,0.01172291296625222
884,0.0022363026462914647
886,0.0052182988345799266
895,0.004058853373921867
897,-0.0005583472920156337
882,-0.018138801261829655
888,0.020748425342719527
733,0.00723649711588883
898,0.010217113665389528
881,-0.0037448174401497926
893,-0.003221476510067114
883,0.005536435732455484
892,-0.009559848635729935
896,0.002069441250862267
854,-0.010600087604029786
890,-0.003995338771433328
902,0.000445632798573975
901,-0.01888042398145081
894,0.001893939393939394
907,-0.006893156080748399
912,-0.0014245014245014246
908,-0.0023767082590612004
904,-0.00676328502415459
905,-0.0022816166883963492
903,0.00115919629057187
906,-0.003178639542275906
910,-0.0010913059294288831
915,-0.003834355828220859
914,0.0
899,-0.001812141347025068
911,-0.0031727718488606866
918,-0.002705139765554554
920,0.0024645717806531116
924,-0.011947431302270013
919,-0.0024533856722276743
922,-0.003892312682452157
916,-0.002462447672986949
925,-0.00864304235090752
913,0.002874595759971254
900,-0.00901111761263897
930,-0.017543859649122806
935,-0.028811524609843937
923,0.0
927,-0.007976601967561819
928,-0.00045392646391284613
917,-0.02657463330457291
934,0.00671462829736211
937,0.00940572894399316
938,-0.002785515320334262
921,-0.007781362687416967
931,0.019614711033274956
940,0.0
932,0.0011827321111768185
943,0.0007645259938837921
863,-0.00789951425347137
933,0.0006203473945409429
929,0.0024509803921568627
936,0.0030115146147032773
941,0.01021671826625387
949,0.0028708133971291866
950,0.0007385524372230429
947,-0.005888125613346418
926,-0.009089288896809837
945,-0.0005589714924538849
939,-0.015379634126598672
944,-0.0044075706507648435
952,0.006532066508313539
955,0.008100147275405008
958,-0.0007077140835102619
959,0.0059445178335535
951,0.0016207455429497568
967,0.009103641456582634
954,0.004523107177974435
966,-0.045368620037807186
960,0.020591085271317828
962,0.0008382229673093043
946,0.0015925872303460258
957,-0.017183488050562908
948,0.009235936188077247
970,0.0076511094108645756
965,-0.004314772960756112
969,0.004346251358203549
973,0.001584786053882726
909,0.011302143982464553
961,0.0717408906882591
972,0.004580152671755725
978,0.0
980,0.0
976,-0.004383940932164283
974,-0.0022058823529411764
968,0.0011843663639952626
956,0.0062681369704004645
977,0.00025025025025025025
964,0.006423982869379015
981,-0.015203531142717018
975,0.0030687397708674302
991,-0.0045871559633027525
987,0.012904997254255904
985,0.004165509580672035
979,0.0005310674455655868
992,0.00040241448692152917
995,-0.04
996,0.006243496357960458
983,-0.02685464921114468
984,0.0034311202607651397
994,-0.021509581540868204
998,-0.0018034265103697023
997,-0.02356020942408377
982,0.005333951762523191
993,-0.045655375552282766
971,0.01138238205212801
1001,-0.013297872340425532
989,-0.0028993911278631487
988,0.004655172413793103
999,-0.009691405253761795
990,0.0
1000,-0.013664249860568878
1005,-0.03387803905938621
1004,-0.0080040020010005
1009,0.009045226130653266
1007,-0.010145566828407587
1003,-0.0075461878740567265
1008,-0.0062413314840499305
1018,0.0
1006,-0.011944138184490995
1002,0.004480716914706353
1016,-0.008121468926553672
1015,0.019184652278177457
1021,-0.006622516556291391
1014,0.00357227911407478
1010,0.0036735345791407124
1012,-0.002505846976277982
1013,-0.024748490945674044
1023,0.0021037868162692847
1017,0.003907776475185619
1011,-0.007817953371492391
986,0.0031686497672012417
963,-0.0008612204724409449
1020,0.009721952167995334
1027,0.003537735849056604
1028,0.0030812324929971988
1034,0.007623318385650224
1033,-0.005575266092245312
1029,-0.02816342721142404
1022,0.0038578680203045683
1032,-0.015696944328170783
1024,0.00633558144287758
1039,0.002602472348731295
1042,0.0042796005706134095
1026,0.0005878030859662013
1041,-0.018755718206770355
1031,0.010281719103434095
1035,0.006863622799164429
1043,0.0024086712163789645
1040,-0.04107788366743345
1036,-0.0007974481658692185
1037,-0.007132051004970824
1044,0.004765909728062798
1049,0.004622496147919877
1045,-0.046857772877618525
1048,0.014522821576763486
1038,-0.005672149744753261
1056,0.0026785714285714286
1050,0.05752111390093586
1025,0.002797202797202797
1046,0.000583544057576347
1054,0.0025486561631139944
1019,0.011505897677111224
1047,0.013633481293595434
1051,-0.003435688211294825
1055,0.002989942919271541
1053,0.006809848088004191
1057,0.005447470817120622
953,-0.022574192758296936
1061,-0.0012324377618930244
1052,0.002099543040632333
1065,0.023695487774136628
1062,-0.006974248927038627
1064,-0.0006981615080288574
1063,-0.004373848987108656
1058,0.005685986793837124
1072,-0.01152073732718894
1059,0.0024752475247524753
1073,0.010156580617858655
1067,0.003920031360250882
1060,-0.006247944755014798
1066,0.0069276623167391655
1078,0.0031404217137729925
1076,-0.01760268231349539
1069,-0.03244785166696381
1077,0.0107095046854083
1068,-0.04806881430258054
1071,0.0007656967840735069
1084,-0.00550357732526142
1088,0.0047994514912581415
1089,-0.0032733224222585926
1083,0.0026240458015267176
1075,0.02014910336490026
942,-0.009496029816885432
1086,-0.002242152466367713
1074,0.004392845936617509
1079,-0.06584739545121056
1085,-0.0030864197530864196
1082,0.0003685277317118113
1095,0.007220216606498195
1096,-0.00990990990990991
1097,-0.01572897761645493
1098,-0.002005347593582888
1080,-0.015823235923022094
1081,-0.001099958751546817
1099,-0.018779342723004695
1087,0.0023505215219626853
1090,0.0034749034749034747
1101,0.0064061499039077515
1093,-0.014618299945858148
1091,0.018787496053047047
1106,0.002794857462269424
1107,-0.03820662768031189
1104,-0.024062933826931976
1102,0.013195639701663799
1092,0.006933041415800037
1094,0.012831335471889246
1110,0.009278659084106555
1112,0.006811145510835914
1109,0.0041914076143905
1114,-0.022982362373062535
1117,-0.012223789374706159
1116,-0.0040941658137154556
1103,-0.037049861495844875
1108,0.009885419006964727
1125,0.010603588907014683
1126,0.0
1120,0.0008836524300441826
1105,0.0023728310840872013
1119,0.011650485436893204
1111,0.004898648648648649
1121,0.008319467554076539
1127,0.0036288232244686366
1115,0.009817922170653338
1123,0.004450625869262865
1130,0.00245474071801166
1134,-0.06433408577878104
1132,0.007221458046767538
1113,-0.007742820738998334
1135,-0.01
1118,0.008589723567077932
1129,0.007317478795942125
1136,-0.003951267698386566
1138,-0.00718816067653277
1140,0.002461033634126333
1131,0.0034760336626417855
1133,0.0056371711650153745
1128,-0.022495894909688015
1100,0.00018733608092918696
1143,0.011075949367088608
1137,0.006896551724137931
1144,0.0010678056593699946
1149,0.0054533060668029995
1150,-0.00772626931567329
1151,-0.01064249113125739
1145,0.011469534050179211
1155,-0.034916201117318434
1146,0.006857534716269501
1139,0.008124900430141788
1148,-0.015669205658324265
1147,0.004970414201183432
1154,0.004045853000674309
1122,0.003522012578616352
1153,0.0010699764605178687
1142,0.003376595969188562
1161,0.005506141465480729
1159,-0.0038211692777990066
1124,-0.03138894419005906
1162,0.0028665028665028664
1156,0.01174496644295302
1158,-0.004602991944764097
1152,0.008876645240281604
1163,0.007603248660791429
1171,-0.013058419243986255
1166,0.006690140845070422
1070,-0.0003627295397868964
1167,0.009016745384285102
1168,0.004694835680751174
1172,-0.027257240204429302
1175,0.008283479061205707
1169,0.005140371688414393
1160,0.010002326122354036
1176,-0.007978723404255319
1165,0.0017777777777777779
1170,0.004109344291584777
1182,0.0009633911368015414
1181,-0.001544998068752414
1185,0.008839779005524863
1180,-0.018615284128020902
1179,0.010595261028703526
1164,-0.00927608300659845
1178,-0.013756613756613757
1177,-0.011730205278592375
1184,-0.01044932079414838
1183,0.004820729135281711
1190,0.01917255297679112
1191,0.01045016077170418
1174,0.011121408711770158
1192,0.0014074595355383533
1188,-0.005121638924455826
1157,-0.009685430463576158
1195,0.006169909824394874
1189,-0.022116218560277536
1173,0.0028208744710860366
1199,0.008659397049390635
1194,0.0005420054200542005
1204,0.007205764611689352
1202,0.0054446460980036296
1186,-0.004672897196261682
1206,0.01259748050389922
1200,0.005751258087706686
1203,0.002644725242433147
1187,0.002403204272363151
1196,-0.005963590709353421
1205,-0.0136986301369863
1201,0.007738095238095238
1193,-0.002192581765028321
1208,0.008936170212765958
1210,0.004118050789293068
1211,0.003840782122905028
1214,0.004106776180698152
1198,-0.010127697049757816
1212,-0.010635155096011817
1207,-0.00045822514128608525
1216,-0.003840614498319731
1217,-0.003372681281618887
1213,0.0033324076645376284
1215,-0.0017953321364452424
1209,0.008960832490244255
1030,-0.00505550354420222
1220,-0.019473081328751432
1225,0.005161290322580645
1223,-0.0008846947803007962
1219,0.013160880417517586
1226,0.004659289458357601
1197,-0.0009076057360682519
1221,0.0021001050052502626
1234,0.0012674271229404308
1229,0.005195515449822259
1232,-0.008948545861297539
1231,-0.0052173913043478265
1224,0.003866171003717472
1222,-0.0006008893161879582
1230,-0.0206252014179826
1239,-0.0012330456226880395
1237,-0.0017761989342806395
1227,0.01052792187976808
1238,-0.006430868167202572
1240,0.0
1235,-0.0005125576627370579
1247,0.004076086956521739
1233,-0.006709039548022599
1236,-0.02933832709113608
1249,-0.011473646468268197
1246,0.008149959250203748
1228,0.006292779863104438
1244,-0.005772005772005772
1242,0.0025697503671071953
1248,-0.04087193460490463
1257,0.005030181086519115
1243,-0.0030717676626640603
1241,0.0061383167371436365
1251,0.005948215535339398
1255,-0.009083728278041074
1253,-0.01910686514107976
1252,0.009116131589377725
1265,0.0014619883040935672
1258,-0.006500847936687394
1264,0.009259259259259259
1263,-0.02453430258973194
1250,-0.006147540983606557
1262,-0.0026434047052603755
1245,0.00019642506383814575
1267,0.012949640287769784
1270,0.016658253407370014
1272,0.0018115942028985507
1271,-0.005380200860832138
1259,0.006606810096561071
1273,0.0033613445378151263
1254,0.012468300929839391
1277,0.0019408054342552159
1275,0.0034542314335060447
1276,-0.001946282600233554
1266,0.012695562964862786
1256,0.011538461538461539
1268,0.016778523489932886
1280,0.006085192697768763
1283,0.0039541320680110716
1279,-0.002817695125387433
1285,-0.009259259259259259
1274,0.004118616144975288
1260,-0.019095676263975462
1278,0.009402654867256638
1218,0.00704302850225597
1281,0.00477326968973747
1284,0.003924646781789639
1287,0.0029661016949152543
1294,0.01835627868168544
1293,-0.006060606060606061
1288,0.0018984337921214998
1269,0.004867872044506259
1296,0.003427592116538132
1291,0.01932655907551305
1300,-0.002420135527589545
1297,-0.0006157635467980296
1290,-0.0035149384885764497
1289,-0.007852901742961119
1292,0.0005110732538330494
1286,0.00472212132219397
1299,-0.009767598518019536
1302,0.005780346820809248
1282,-0.014688738633714152
1309,-0.0006666666666666666
1298,0.018688095683049896
1312,-0.008645533141210375
1303,0.004100041000410004
1307,0.009982788296041309
1311,0.00042826552462526765
1295,0.004701931150293871
1304,-0.05597345132743363
1319,0.0063371356147021544
1305,0.012998266897746967
1308,-0.006356968215158924
1315,0.010918253079507279
1318,0.0013020833333333333
1324,0.022020725388601035
1322,0.005791505791505791
1316,0.013153773880363295
1313,-0.001034126163391934
1321,0.004873591227535791
1306,-0.0056728232189973615
1328,-0.052247191011235955
1301,0.009567430025445293
1331,0.010018785222291797
1326,-0.002206287920573635
1317,-0.0006350550381033022
1310,-0.006951596292481977
1323,0.0005277973258268825
1329,-0.011038289065194894
1333,-0.0047831632653061226
1325,0.00019241870309794111
1335,-0.002398081534772182
1334,0.01060329067641682
1338,0.005156854318865492
1327,-0.0014719411223551057
1332,0.020087336244541485
1345,0.0032520325203252032
1314,0.0007886435331230284
1336,0.005548549810844893
1340,-0.06201044386422976
1344,-0.0003728560775540641
1330,-0.01922322479403688
1339,-0.004220596510973551
1343,-0.01148137776533184
1320,-0.00024257125530624622
1353,0.01795142555438226
1352,0.005494505494505495
1342,-0.0034748451427708115
1341,-0.010250972074938141
1337,0.01003870343492985
1350,-0.02981494174091844
1346,0.016812053925455987
1347,-0.04397942897676893
1356,0.006066734074823054
1348,-0.0012769062385990515
1358,-0.014168530947054437
1355,-0.019086357947434292
1363,0.006142506142506142
1357,-0.007049700387733521
1361,-0.011936339522546418
1349,-0.00025006251562890725
1365,0.006084466714387974
1367,-0.011276827937431793
1351,0.00784987121305041
1359,0.002380952380952381
1369,-0.012639623750734862
1354,0.0025113008538422904
1373,0.008871989860583017
1377,-0.023996082272282077
1366,0.005318264916071132
1368,0.022184563241411184
1370,0.008759976640062294
1360,-0.024096385542168676
1362,-0.014987001070500076
1383,0.015151515151515152
1371,0.0064424890006285354
1381,-0.01919458035378246
1372,0.0029682398337785693
1385,-0.001282051282051282
1380,-0.003033547466095646
1364,-0.009718309859154929
1388,-0.008376963350785341
1379,0.008589276418532014
1378,0.014826688038469244
1384,-0.02966204716751763
1375,-0.022812051649928264
1395,0.004166666666666667
1391,-0.0054694621695533276
1374,-0.0009347042328748832
1393,0.0020554984583761563
1389,-0.0013008130081300813
1397,-0.01699029126213592
1386,-0.0053657664103022714
1382,-0.012128260508390097
1396,-0.002672209026128266
1401,0.009809578765147143
1376,0.012611717974180734
1390,0.003473830477072719
1392,-0.008245877061469266
1387,0.004100631718940486
1400,0.0047535651738804105
1398,-0.0011973180076628352
1394,0.0016923337282112032
1406,-0.00034153005464480874
1403,-0.0013633265167007499
1411,-0.010309278350515464
1412,0.0010303967027305513
1410,0.0024606299212598425
1404,-0.00273224043715847
1399,-0.000471253534401508
1416,-0.0013054830287206266
1409,-0.0037369207772795215
1402,-0.012635104277667834
1415,-0.0004550625711035267
1413,0.005094951366373321
1418,0.008779149519890261
1424,0.006232023010546501
1407,0.0
1420,-0.0652537646402677
1405,0.004787465544755549
1408,0.049905003166561115
1414,0.0029320736276266493
1427,-0.011101973684210526
1425,0.005293159609120521
1431,0.004016064257028112
1421,-0.03143765453903214
1423,-0.021856902671399215
1417,-0.006362829239419947
1426,0.007078729281767956
1422,0.0018124150430448573
1435,0.0034502587694077054
1419,-0.013824289405684755
1432,-0.026398054880166725
1430,0.01883451384417257
1444,0.024985473561882625
1436,0.002339430029774564
1428,-0.015534728463217358
1439,0.0021953896816684962
1141,-0.01474469065471453
1442,0.010048721071863581
1434,-0.0015795015795015794
1438,-0.01659988551803091
1433,0.001129464915996047
1447,-0.01259774109470026
1450,0.0035778175313059034
1445,0.003614853762734144
1451,0.0014829461196243204
1440,0.003964623360780726
1437,0.0030081088150667014
1446,-0.0020260492040520984
1456,-0.06551410373066424
1429,-0.010498971750189415
1441,-0.02532721400645929
1455,-0.009855072463768115
1449,-0.08448214916931777
1448,0.0037965072133637054
1463,0.010309278350515464
1454,-0.008264462809917356
1443,-0.006562636721598366
1453,0.003712072304712718
1468,-0.003669724770642202
1461,-0.021532846715328468
1466,0.003987730061349694
1464,-0.012504341785342132
1462,0.001122334455667789
1452,0.00472212132219397
1465,-0.02428515471993733
1474,-0.09371671991480299
1459,0.020135697089078572
1476,0.005672609400324149
1467,-0.00497727764553127
1473,-0.08051300320627004
1470,-0.004318618042226488
1460,0.018659558263518658
1457,0.006855309218203034
1458,-0.02536548794202174
1479,0.009183673469387756
1469,0.0006563115292058631
1477,0.004332520985648524
1486,0.010276679841897233
1478,0.002025658338960162
1483,0.0062827225130890054
1481,-0.0003097893432465923
1484,0.013115631691648822
1471,0.0011097019657577679
1487,-0.005434782608695652
1489,0.0020920502092050207
1472,-0.004123418171477321
1491,0.009210526315789473
1492,-0.03065883887801696
1480,0.015490258703289683
1488,-0.02293178519593614
1475,0.003228410008071025
1498,0.003933136676499509
1490,-0.010845986984815618
1485,-0.009169264624977077
1482,-0.00314911037631869
1499,0.009280742459396751
1503,0.0017528483786152498
1505,-0.006152389966871746
1497,-0.005283240387437629
1504,0.004851752021563342
1496,0.008606263447286636
1494,0.002033438770899232
1515,-0.028426395939086295
1500,-0.01977186311787072
1510,-0.03898561695685087
1511,-0.018963922294172063
1508,0.00891000891000891
1501,0.00470632530120482
1506,-0.010435301132975552
1513,0.00877963125548727
1514,-0.01380897583429229
1495,-0.0006467468632777131
1493,0.007400409384348922
1518,-0.01476274165202109
1520,0.004273504273504274
1502,-0.024467437614120513
1524,0.005979073243647235
1526,0.003977724741447892
1509,0.010828025477707006
1512,-0.04071294559099437
1507,-0.01622296173044925
1522,-0.0006082725060827251
1521,0.012308356726408983
1523,-0.018468223791417708
1519,-0.0028312570781426952
1516,0.0007973210014351779
1525,-0.011798699735131231
1517,-0.01524213775805518
1528,0.006466214031684449
1530,0.00715258855585831
1536,0.018470790378006873
1532,0.006363899334683252
1535,-0.025018395879323033
1541,0.005300904271905207
1527,-0.0026050146532074245
1539,0.01915240423797881
1533,0.0016021361815754338
1540,0.010676156583629894
1546,0.017464788732394366
1529,0.0019475920679886685
1537,0.0070450097847358124
1531,0.00017310022503029253
1549,-0.004455997029335313
1551,-0.013340448239060833
1547,0.00874751491053678
1550,-0.000357653791130186
1548,-0.005866249511145874
1544,0.0067598017124831005
1543,-0.005790645879732739
1552,-0.0014958863126402393
1555,-0.0016501650165016502
1542,-0.003883823032759203
1538,0.0060612739695834255
1563,0.004943153732081068
1560,-0.0023273855702094647
1562,0.006138555977784273
1554,0.0001936858415649816
1559,-0.03629814353006373
1545,0.012813211845102505
1567,0.01004728132387707
1557,0.006827603023652768
1561,0.032504780114722756
1553,0.0019738839963559063
1556,0.003983270264887473
1558,0.0005059875189745319
1572,0.0028360748723766306
1565,-0.01881720430107527
1568,0.0021592442645074223
1570,0.007920792079207921
1577,-0.04474142940151075
1571,0.0003444712366517396
1564,0.0027651268705270004
1566,0.003594249201277955
1580,0.010944466963923795
1575,0.009950248756218905
1534,0.008925506350841057
1582,0.0084985835694051
1569,0.005500101853738032
1573,0.01606118546845124
1584,0.000741839762611276
1576,0.003659347970725216
1589,-0.0073821692220329355
1588,-0.032477575007732754
1590,-0.00043308791684711995
1583,-0.025050437121721586
1594,0.01015228426395939
1587,-0.02660472972972973
1581,0.005674908796108634
1578,0.003216911764705882
1574,-0.0005060088551549652
1593,-0.0011185682326621924
1599,0.008072653884964682
1596,0.0020013342228152103
1586,0.011914217633042097
1595,0.0053847879739735245
1598,-0.005210271678451805
1579,-0.004632608415905289
1604,-0.0125
1585,-0.005991902834008097
1601,-0.030895580758701604
1597,-0.0038159847360610556
1603,-0.006912991656734207
1600,0.009374138406396471
1607,-0.01642935377875137
1606,0.01716500553709856
1605,-0.0010392309690828788
1591,0.017543859649122806
1608,0.0018512804689910522
1602,-0.0007859575582918522
1613,-0.01592920353982301
1616,-0.004751847940865892
1618,0.02156017248137985
1622,0.005706612957368244
1621,0.008178844056706653
1619,0.00804289544235925
1610,-0.0006598482349059716
1615,0.0024681201151789387
1592,0.008500107596298687
1623,-0.0037991858887381274
1620,0.007679942846936953
1624,-0.009345794392523364
1632,0.0028785261945883708
1617,-0.015746378332983414
1627,-0.01361573373676248
1628,0.009884117246080437
1625,-0.005250205086136177
1614,-0.043028102729595265
1611,-0.004658004412846286
1634,-0.0271875
1631,-0.0069133794225294835
1636,-0.00885328836424958
1644,0.0
1612,0.003732241752949675
1643,-0.006875
1640,0.007882479398065209
1626,-0.007586533902323376
1629,0.01155527795128045
1647,-0.003829583532790809
1648,-0.000782472613458529
1653,-0.02167042889390519
1649,-0.0012953367875647669
1635,0.020741922616673316
1652,-0.0007651109410864575
1642,-0.0028795811518324606
1641,-0.002340207693432792
1645,0.014091234774301409
1656,-0.017960602549246814
1657,0.0193756727664155
1650,0.0023121387283236996
1659,0.006607201850016518
1651,-0.018208661417322834
1654,0.018971542685971045
1637,0.0
1664,0.006686478454680535
1662,0.011841567986933442
1639,0.01797219396405561
1668,-0.004785961180537091
1667,0.00487012987012987
1658,-0.021754096103538484
1660,-0.024278515803939534
1666,-0.05622489959839357
1671,0.006067677946324387
1663,-0.009138785625774474
1661,-0.0005781182251770487
1669,0.006598240469208211
1665,0.008238276299112801
1674,0.0
1655,0.0013658869728529965
1673,-0.009699321047526674
1680,-0.0044444444444444444
1681,0.030230708035003977
1675,-0.0014114326040931546
1679,-0.0011771630370806356
1682,0.006301824212271974
1676,0.005681818181818182
1685,0.008523827973653622
1609,-0.0034294234592445326
1646,0.0048139686684073105
1677,-0.03487792725460887
1693,0.004257583821181479
1686,-0.005405405405405406
1678,-0.025044722719141325
1687,-0.015014075695964968
1688,0.00847689362865737
1692,-0.004858657243816254
1689,0.003551609322974473
1694,0.00528169014084507
1683,-0.022391773096699288
1697,0.019741837509491267
1698,-0.007501172058134084
1684,-0.002824858757062147
1670,0.00043192812715964066
1691,-0.029965753424657533
1702,-0.00727069351230425
1705,-0.014084507042253521
1701,0.011198208286674132
1699,0.0065919578114700065
1703,-0.010129235068110374
1709,0.009775171065493646
1695,0.0028135048231511255
1696,-0.0029180040852057193
1707,0.0021953896816684962
1708,0.023586823912159414
1711,0.007511007511007511
1717,0.011399908800729594
1716,-0.0047556142668428005
1700,-0.0003916960438699569
1710,0.00459896983075791
1715,-0.001904036557501904
1719,0.006423982869379015
1690,-0.0014061872237846524
1721,-0.0011411182959300114
1725,-0.009247027741083224
1704,-0.009051929490233444
1714,-0.025318865410241767
1720,-0.008858890529424172
1712,0.0024831011173955028
1727,-0.014214046822742474
1726,0.007495315427857589
1713,-0.007405337431884868
1706,-0.030190239867659223
1733,0.0003992015968063872
1730,0.013490725126475547
1735,0.000333000333000333
1718,0.003945329012258701
1729,0.004438215370240598
1731,0.0010013351134846463
1734,0.0036613272311212816
1732,0.009943563558183283
1722,-0.015162560139962094
1724,-0.016197087246495167
1630,0.005287318632674809
1740,-0.002529510961214165
1723,0.006549265026924756
1746,-0.006359300476947536
1747,0.010610079575596816
1739,-0.0057670126874279125
1743,-0.017673521850899744
1741,0.009768009768009768
1728,-0.015421937272569745
1744,-0.012159174649963155
1742,-0.010154997327632281
1738,0.01488316713796696
1737,-0.0035600524639310474
1750,0.014760147601476014
1751,0.006854531607006854
1736,0.027327195674411806
1757,0.0
1752,0.013194895089768548
1755,-0.007264529058116233
1756,0.007203791469194313
1745,-0.007912457912457913
1766,0.01383399209486166
1763,0.0030905077262693157
1753,0.0069138906348208675
1765,0.0031446540880503146
1764,0.004789272030651341
1749,0.00014762326542663124
1748,-0.0108854374087349
1758,-0.013605442176870748
1760,-0.012363194162950952
1770,-0.017408123791102514
1769,0.007671653241273495
1776,-0.03382789317507418
1754,-0.004322143783316525
1767,-0.011842105263157895
1761,0.02135637430714053
1771,-0.018211920529801324
1774,-0.007339913945836497
1773,-0.0091547146780592
1759,0.0003902185223725286
1772,-0.010175763182238668
1762,0.0038594623369709873
1783,0.005417956656346749
1779,0.01110748121528912
1782,0.015256588072122053
1785,0.013837147418839808
1780,0.0008688097306689834
1787,0.0008777062609713282
1781,0.009652158076853032
1792,0.0052195271722443965
1775,0.008647681526763084
1791,-0.06335549472037544
1794,0.0008676789587852494
1795,0.009574875526618154
1789,-0.029723266142808336
1798,-0.0041981528127623844
1777,-0.00782122905027933
1788,-0.0380575430050236
1796,-0.013245033112582781
1802,-0.003324267150196434
1784,0.0030303030303030303
1797,0.0015156618390030313
1786,0.00488580843086013
1768,0.011759989309100627
1801,-0.000946073793755913
1778,-0.008060495263420309
1790,-0.03363116152996687
1793,0.012937673272409899
1805,-0.005671077504725898
1811,-0.025411764705882352
1814,0.03
1806,0.013151485630784217
1803,0.021293170605037652
1815,0.007709251101321586
1818,0.002102312543798178
1810,0.006607369758576874
1817,0.008139104698483167
1813,0.00897226753670473
1820,0.006422607578676943
1816,0.019754564501646213
1809,0.016680395387149917
1800,0.002345124096150088
1819,0.006191950464396285
1799,-0.025134649910233394
1804,-0.0036611749043102015
1807,0.00492772667542707
1812,0.0025100401606425703
1821,-0.003578884580972264
1823,0.010297029702970298
1829,0.0015793629902605948
1833,0.004807692307692308
1831,0.014267596702599873
1835,0.008428657435279952
1824,0.0054139408978118655
1822,0.0036867977528089887
1836,0.01868937780932103
1826,0.006056018168054504
1834,0.005624560581204594
1837,-0.008067473414008068
1827,-0.0014701078079059132
1840,-0.004185559818625741
1828,-0.007276119402985074
1841,-0.0007275372862859222
1825,0.004296035930482328
1830,-0.00899850024995834
1842,-0.0028469750889679717
1844,0.0
1839,-0.004322766570605188
1832,-0.002640845070422535
1853,0.0024875621890547263
1843,0.014655593551538837
1849,0.0067865626060400405
1838,0.027787673672960457
1848,0.011382799325463743
1846,-0.018556701030927835
1857,0.0006727211570803902
1862,0.0
1855,0.00025348542458808617
1852,-0.008113590263691683
1847,0.002620689655172414
1858,0.01349911190053286
1859,-0.0010548523206751054
1866,-0.00425402613187481
1808,0.00040314452731304173
1868,0.0040595399188092015
1860,0.0055642496957050945
1861,0.0007979253939756633
1845,0.000683246788740093
1850,0.011126187245590231
1863,-0.00826730967964175
1875,-0.007527504342790967
1869,-0.008642319487036521
1856,-0.0034233048057932852
1873,0.003236245954692557
1865,-0.005508531506113127
1867,0.0015153811183512653
1881,0.0
1880,0.00517464424320828
1864,0.015911542610571736
1854,0.0035849852382960775
1870,0.0031192660550458714
1876,0.009621765096217651
1879,-0.014775413711583925
1871,-0.008719119784097987
1851,-0.019323241317898487
1889,0.010657734470158343
1888,0.0005873715124816446
1872,0.0014917951268025858
1877,-0.0015861571737563085
1893,0.0
1874,0.005447585394581861
1892,-0.00031525851197982345
1886,0.008188824662813102
1885,0.010344179048335527
1878,0.007974668699425355
1882,0.01673214025898443
1883,0.008807284669353635
1887,0.003062563803412571
1884,-0.00768868664679115
1891,0.013066202090592335
1894,0.0005356186395286556
1896,-0.00290838584585555
1890,-0.005945475638051044
1898,0.028181041844577284
1901,0.0005753739930955121
1899,0.007891156462585034
1903,0.005047672462142457
1900,0.0038095238095238095
1905,0.0009618467457518436
1906,0.009237875288683603
1908,-0.019720101781170483
1897,0.017942583732057416
1907,-0.025739130434782608
1915,0.006294964028776978
1911,-0.004338394793926247
1895,0.004304635761589404
1919,0.008126934984520124
1914,0.003335417969564311
1917,0.007483962936564505
1924,-0.0017543859649122807
1920,0.007784120394395433
1913,-0.0070727812000912615
1916,0.003075661267172442
1904,-0.00531499140221979
1912,-0.006699846860643185
1902,-0.001038241910365115
1909,-0.0023471278567016676
1910,0.011005578169757274
1931,-0.009759271307742356
1918,0.010696095076400678
1929,0.019823788546255508
1930,0.009475218658892129
1927,-0.004408817635270541
1928,0.008022652194431336
1938,-0.006998444790046656
1926,0.008792965627498001
1921,0.027193266429265135
1941,0.012971698113207548
1923,-0.009298140371925615
1925,0.018562486509820852
1932,0.005237315875613748
1934,0.0024509803921568627
1935,0.000732421875
1945,-0.014802631578947368
1939,-0.0010355540214014498
1936,0.006979815129220902
1922,-0.0053732708357151025
1946,0.010482180293501049
1944,-0.05055611729019211
1952,0.002053388090349076
1949,0.008835078534031414
1943,0.013464171611136467
1937,0.008681672025723473
1956,0.007142857142857143
1954,-0.022919179734620022
1942,0.0031061259706643657
1947,0.010787757150025088
1933,0.01663832888025261
1951,0.0037145131334571503
1940,0.0010109763142692085
1953,-0.0025529742149604288
1962,-0.0015527950310559005
1965,-0.0006309148264984228
1966,0.004424778761061947
1969,0.0003816793893129771
1957,0.003246753246753247
1970,0.0007087172218284905
1961,0.01003814495081309
1963,-0.008797653958944282
1958,0.01399659542273501
1967,-0.04075567819995755
1960,0.0010191948360794973
1971,0.011046511627906977
1959,0.010484556531595354
1980,0.005073280721533258
1964,-0.005050505050505051
1968,-0.007642922653622745
1979,0.014593908629441625
1955,-0.007663260772989782
1978,-0.0046063651591289785
1974,0.007351252010107972
1975,-0.0008396305625524769
1948,-0.0007296607077708865
1973,0.017576898932831136
1981,0.011933821535123406
1991,-0.028254847645429362
1993,0.0036842105263157894
1983,0.001852537977028529
1989,-0.0034916201117318434
1990,-0.042473919523099854
1972,0.007098121085594989
1992,-0.007511737089201878
1997,0.01985981308411215
1994,-0.023314203730272598
1976,0.0015678449258836945
1999,0.012218045112781954
1982,0.00887003470883147
1984,-0.004778381941011699
1998,-0.019553072625698324
1985,0.0017047391749062393
1987,0.007435532352475874
1986,-0.0008393486654356219
1995,0.008053427617363976
1988,-0.00722169232865513
2006,-0.075
2004,0.007756391841424878
2011,0.009603841536614645
2003,-0.04279766860949209
2008,0.015710163513946777
2007,-0.0037027241470510446
2010,-0.008620689655172414
2013,0.008084074373484237
2002,0.006350841057329214
2000,0.00086194512282718
2014,0.007456929802005657
2012,-0.0014577259475218659
2019,0.008574007220216607
2022,-0.009424083769633508
2009,-0.01029678982434888
2005,-0.0012345679012345679
2018,-0.002464875523786049
2017,0.0013717421124828531
2020,0.0015444015444015444
2016,-0.0008683068017366136
1950,0.00925497454881999
2023,-0.006000705965407695
2028,0.006936416184971098
1996,-0.023285661899523285
2021,0.004899777282850779
2025,0.000686027898467871
2033,-0.0006106870229007634
2031,-0.004244031830238726
2036,0.00478885502829778
2024,0.0020524155352068204
2038,0.01068306895435416
2039,0.00981423063441991
2030,0.010197474910974426
2043,0.0010718113612004287
2042,-0.004550625711035267
2040,0.01456726649528706
2026,0.0025041736227045075
2041,0.0038095238095238095
2027,-0.01261666090563429
2044,0.003468208092485549
2034,0.001248179737882255
2015,0.01875901875901876
2032,0.006306553331505347
2050,0.019390581717451522
2035,0.021477921297686994
1977,-0.0017970835900595606
2051,-0.010154525386313467
2045,0.010033444816053512
2053,0.003778337531486146
2001,0.002628542120784716
2052,-0.009110988404196576
2056,-0.0018539117538005192
2059,-0.030162412993039442
2055,-0.021770266399312517
2062,-0.023213194868662187
2054,0.0006119951040391676
2061,-0.021374045801526718
2046,-0.001602097290999126
2066,0.008950617283950617
2057,-0.009260664946105966
2049,0.005592347314201619
2063,0.0021780560849441874
2060,0.007280944012051218
2048,-0.0063943625212057945
2071,-0.01351922264469793
2072,-0.008946322067594433
2067,0.004976671850699844
2075,-0.00255885363357216
2069,-0.0028109627547434997
2070,0.007049100631988332
2073,-0.0011678832116788322
2064,0.003998286448664858
2068,-0.002728226652675761
2078,0.0005621135469364812
2058,-0.0011057054400707652
2047,0.013016971494480145
2076,-0.006263701847792045
2074,-0.00044365572315882877
2080,-0.01282508015675098
2086,0.006973058637083994
2085,-0.002036659877800407
2079,0.006352087114337568
2088,-0.020229633679606344
2083,-0.0195492804778713
2077,-0.0068879148403256105
2090,0.008457276173811607
2093,-0.033496424538953705
2094,-0.002416918429003021
2082,-0.018969012452939474
2095,-0.037208039109179795
2084,0.005178571428571428
2091,0.005700325732899023
2101,0.008086253369272238
2087,-0.009128065395095367
2097,0.007572172266919072
2096,-0.015300230946882216
2092,-0.0016739203213927017
2081,-0.0077045696068012755
2089,0.00030826140567200987
2104,-0.06211890243902439
2065,-0.0031400460540087923
2102,0.010125957026426277
2107,-0.013574660633484163
2108,-0.006666666666666667
2105,-0.007350591243208693
2109,-0.014263074484944533
2100,0.003211210042329587
2098,0.02254740928774078
2106,-0.005409904286308781
2099,-0.0003950487226757967
2119,0.010385259631490788
2110,0.0011431184270690445
2117,0.004398826979472141
2115,0.004342431761786601
2103,-0.002861764339927834
2121,0.002618562700029095
2118,-0.000966183574879227
2126,-0.0023121387283236996
2116,0.0025100401606425703
2112,-0.0030356691120667846
2114,0.003073140749846343
2037,0.0033330520631170367
2120,-0.015825730776391732
2122,-0.0017048222113979542
2129,-0.010820559062218215
2123,0.0052285050348567005
2111,-0.02901700115045379
2137,-0.0008775778850372971
2131,-0.035958395245170874
2124,0.00790433725172274
2113,0.007236716815844601
2133,0.0014499758337361043
2136,-0.0016181229773462784
2128,0.010338536387593756
2132,0.011414790996784566
2138,-0.00039308176100628933
2139,-0.0012155591572123178
2135,-0.003218884120171674
2142,0.008478568064060292
2144,0.002184200946487077
2125,0.011416280608868299
2140,0.0
2148,-0.04704944178628389
2134,0.00879987862236383
2141,-0.0015620932048945586
2130,-0.008899297423887589
2127,0.001889763779527559
2152,0.010376843255051884
2150,-0.03191011235955056
2146,0.0018125323666494044
2151,-0.005550416281221091
2155,-0.00942507068803016
2160,0.017029328287606435
2149,-0.013321995464852607
2143,-0.031583909490886235
2145,-0.030265042979942692
2163,-0.006718924972004479
2162,0.003808487486398259
2169,0.009558823529411765
2168,0.0015151515151515152
2159,0.009838081574093051
2166,0.011754462342185459
2147,0.0033413525795241913
2164,-0.018965965185762535
2156,-0.008001333555592599
2165,0.0036534446764091857
2161,0.012933568489124045
2157,-0.015929965556831228
2154,0.00718970736629667
2153,0.0011296882060551287
2158,-0.009254627313656828
2167,0.004510108864696734
2171,0.006874241811564901
2170,0.007495835646862854
2181,0.0029133284777858705
2173,-0.0031678986272439284
2176,0.0035478966041561076
2172,-0.008333333333333333
2174,0.01506276150627615
2179,-0.04124062713019768
2186,0.004604758250191865
2185,-0.0024125452352231603
2175,0.000670391061452514
2183,0.003270645952575634
2187,-0.03358436800325667
2191,0.02364066193853428
2190,-0.014722975590856257
2180,0.012118274357731459
2177,0.003953771289537713
2189,-0.009737385659486574
2182,0.011519607843137256
2194,0.009527170077628794
2195,0.005242059821153253
2196,0.0036815462494247586
2198,-0.011363636363636364
2184,0.009552845528455284
2193,-0.029005766206535034
2178,-0.0016952345074401959
2188,0.012781123264102249
2203,-0.007355194606190622
2211,-0.004293893129770993
2205,0.009753060800996057
2206,-0.03642311886586696
2197,0.0021160485577458514
2202,-0.0028533801580333624
2207,0.0031914893617021275
2212,-0.010208421948107189
2199,-0.00015144631228229593
2204,-0.018643757996709927
2209,0.002175940317065589
2192,0.009050797601538636
2201,0.013147952244219436
2217,-0.010760152724748352
2218,-0.0033308660251665434
2208,0.0030049027360430176
2215,0.01947108398721302
2214,-0.002875816993464052
2213,0.003455557688615857
2219,0.009364358683314415
2210,0.007802668009061163
2223,0.006538321830730113
2231,-0.001402524544179523
2229,0.01576069475715664
2222,0.012258842443729904
2230,0.012466307277628033
2220,-0.04179049034175334
2228,0.005418218760582459
2233,0.004591836734693878
2224,0.018415741675075682
2221,-0.0012214983713355048
2234,-0.005402971634398919
2232,-0.011904761904761904
2237,-0.010133578995854445
2238,-0.00043497172683775554
2200,0.0027483313702394976
2235,0.006476302619958787
2226,0.008734895909157082
2236,0.008651199370821865
2245,0.003867640739149119
2227,0.005416981607457798
2250,0.013758146270818247
2216,-0.0033147706178732433
2246,0.012921089063221043
2239,0.0009124087591240876
2225,-0.0007808433107756377
2253,0.002517985611510791
2256,0.0009505703422053232
2254,0.004366812227074236
2247,-0.00048015364916773366
2248,0.006818181818181818
2240,0.000839278220730172
2243,-0.001796504981218357
2255,0.019622362088115512
2242,0.004366049598323437
2257,0.00816326530612245
2258,-0.013388259526261586
2266,0.0
2241,0.0002575328354365182
2252,-0.007371483996120271
2264,0.01012292118582791
2261,0.005588993981083405
2268,0.002357563850687623
2265,0.0033435497353023124
2270,0.0
2273,-0.022134126197555334
2259,-0.0045780558522813975
2260,-0.0011485451761102604
2272,0.024506217995610827
2262,0.0
2281,0.016194331983805668
2269,0.010597932748920581
2267,-0.002081665332265813
2263,-0.018642146366041064
2244,-0.00913354727227845
2275,0.0
2277,0.013203786746387643
2279,-0.0016595542911332385
2271,0.0007089684509039348
2280,0.00410612760581175
2276,0.0069578090303478906
2274,0.017372262773722627
2286,0.009548292324641938
2284,-0.0017568517217146872
2285,0.01550632911392405
2289,0.009487666034155597
2282,0.0008161932745674175
2294,0.0037907505686125853
2283,-0.000767341927562922
2278,0.0009293680297397769
2293,0.011527377521613832
2288,0.019242706393544383
2298,-0.0037067545304777594
2295,0.008955223880597015
2291,0.01954022988505747
2287,0.0084877879785207
2301,0.010352941176470589
2304,-0.021632251720747297
2302,0.006375227686703097
2292,0.0076108043575585736
2300,0.008138351983723296
2299,0.00528834046839587
2308,-0.0062827225130890054
2311,0.009427609427609427
2297,0.0017051619903890869
2251,0.0062900083495686055
2290,0.006925550333910463
2305,0.0
2306,-0.006547753443215173
2307,-0.0033763654419066533
2249,0.0051185804470226925
2318,-0.014025974025974027
2314,-0.01714498695490123
2313,-0.0020090406830738324
2322,-0.045414847161572056
2317,0.014850354123829106
2309,-0.006276923076923077
2312,-0.024333241682705526
2303,0.005502211673319667
2325,-0.04630650496141125
2324,0.0037403152551429334
2319,0.005985369097761028
2326,-0.008264462809917356
2327,0.010166840458811261
2296,-0.010396811644429042
2320,0.004684838160136286
2329,-0.01588089330024814
2310,0.0014742014742014742
2321,0.0001682085786375105
2333,0.004833252779120348
2338,0.004166666666666667
2328,0.0020905923344947735
2323,0.018873810637965997
2335,-0.05217680292455965
2339,0.006335445148382794
2342,0.006259780907668232
2316,-0.006426155580608794
2340,-0.012048192771084338
2334,-0.03598601686201933
2332,0.012089498376037532
2348,-0.004830917874396135
2345,0.0017905102954341987
2341,-0.0027593818984547464
2330,0.007021376189733188
2350,0.014705882352941176
2354,-0.002838221381267739
2337,0.0018629979936944684
2351,0.011993517017828201
2346,-0.003886849492550205
2343,-0.024528301886792454
2347,0.004564225168441643
2336,-0.006825006825006825
2344,-0.004268099905153335
2315,0.004589411571873463
2331,0.0031914893617021275
2358,0.0018528321863419798
2356,-0.010985748218527316
2353,0.0015590894917368258
2352,0.00787201625190452
2357,-0.010036241984945637
2368,-0.000945179584120983
2360,0.0006347191367819739
2361,0.011146891255883081
2355,-0.004091422121896162
2364,0.009297851875601153
2365,-0.00395825836631882
2366,0.002234012845573862
2370,0.004507211538461538
2359,-0.004724409448818898
2362,-0.0012391573729863693
2375,-0.006622516556291391
2374,0.007597340930674264
2369,0.006982543640897756
2381,0.006056018168054504
2371,0.01003286628610967
2377,0.0035509423654739142
2372,0.011020330609918298
2363,-0.0012538311507383673
2349,-0.004167752018754884
2382,0.012554585152838428
2376,-0.010575615651911166
2378,0.011656746031746032
2389,0.014925373134328358
2386,0.004129220306048093
2383,0.033442509912084126
2388,0.009019165727170236
2367,-0.004003099173553719
2379,0.015380150899593732
2373,-0.012106289114599364
2384,0.009727626459143969
2385,0.00046875
2393,-0.022786701531565184
2396,0.013452914798206279
2394,0.010567424764530209
2390,0.00036569756811117204
2400,0.011976047904191617
2387,0.0019244647582391148
2392,0.0012586532410320957
2395,0.020186803253992167
2408,0.004118616144975288
2399,0.0013040643338404696
2397,0.00505926568372362
2401,0.006303580433686334
2398,0.0022264631043256997
2411,0.0032102728731942215
2404,0.0015105740181268882
2405,0.0015757337010045302
2391,0.009039935919441584
2402,-0.017897452434698483
2403,-0.0010518407212622089
2418,0.01327433628318584
2416,-0.0014952153110047847
2406,-0.02472885032537961
2410,0.0011507479861910242
2407,-0.030032056689724987
2421,0.0050330292544825414
2413,-0.004034427111350188
2424,0.001336898395721925
2417,0.005676442762535478
2412,-0.030773965225419295
2425,0.013083048919226393
2420,0.0021908471275559884
2427,0.007616146230007616
2409,0.01171875
2426,0.008559919436052367
2433,-0.0007042253521126761
2428,-0.02944862155388471
2429,0.012643224022125641
2430,-0.008962426749396759
2415,0.0040479526700918575
2422,0.016765285996055226
2414,-0.001141697323354053
2380,-0.0008676500033371154
2423,0.01122743134577454
2419,-0.0012963443090484833
2431,0.016971279373368148
2444,0.007194244604316547
2434,-0.005002174858634189
2435,0.005513439007580979
2441,-0.009843043362596435
2436,-0.006072874493927126
2447,0.0018805829807240243
2438,-0.0043502931719311515
2446,0.011992619926199263
2440,-0.007797795106211347
2448,0.018274111675126905
2443,0.002560273095796885
2437,-0.002679049830326844
2445,0.004011824324324324
2432,0.010352286773794808
2453,-0.027562215681027562
2450,-0.0018717828731867104
2457,-0.009578544061302681
2442,-0.02924420812761109
2456,-0.015302573614653373
2454,0.0038750854798267607
2455,-0.002364066193853428
2461,0.0006469700237222342
2439,-0.001538856116953065
2465,-0.014945200929923613
2458,0.004464285714285714
2449,-0.008578612631267564
2452,-0.02757229320780094
2470,-0.04645760743321719
2462,-0.022355219151557824
2459,0.000499417346429166
2467,0.005714285714285714
2466,0.0005081300813008131
2474,0.009915014164305949
2460,0.008341722997267367
2451,0.00927237604636188
2472,-0.030845392231530846
2477,0.004865103936311367
2468,-0.049096238397655104
2476,0.0006365372374283895
2469,-0.001998667554963358
2473,0.011444921316165951
2463,0.0002777392028884877
2482,0.009595327492699207
2478,-0.001208605269518975
2485,0.007296849087893864
2471,-0.028553596504914965
2490,0.020732883317261332
2491,-0.03135423615743829
2480,-0.007304785894206549
2493,-0.0068714632174616
2484,0.003339226085248478
2475,0.0013751375137513752
2494,0.0008006405124099279
2492,0.004929844520288207
2479,0.007003171247357294
2486,-0.0015849953770968167
2481,0.005020242914979757
2502,0.0005405405405405405
2489,0.006340213139079995
2495,-0.023889154323936932
2499,0.00909090909090909
2483,-0.015971223021582735
2498,-0.0037692084662220935
2500,-0.011248918373233344
2497,-0.0014265335235378032
2488,-0.02748836178230991
2487,0.0019469983775013521
2503,-0.0006170300287947347
2510,0.008755234107346783
2511,0.01764705882352941
2505,0.012667660208643815
2508,0.0026375282592313487
2496,0.008820564516129033
2514,0.00430416068866571
2504,-0.0008396305625524769
2517,0.002271866717152594
2513,0.012633624878522837
2501,0.010267795199111975
2515,0.0002222716159146477
2522,0.010544074230282582
2518,0.01647685970438575
2520,-0.023509369676320273
2509,0.009288330716902146
2516,0.012736056214317084
2464,-0.006544275207042335
2529,-0.007366482504604052
2506,-0.0036467830164105238
2519,-0.028969762810066992
2531,0.0
2523,0.012962256957682043
2512,0.00015174506828528073
2507,0.016608870231794123
2537,-0.015360983102918587
2528,-0.02038369304556355
2526,0.009407021669746347
2524,-0.0010622154779969652
2532,0.0032258064516129032
2527,0.0055274067250115156
2533,-0.0022526425229596257
2521,0.004051863857374392
2538,0.007646207894193015
2534,0.0013676148796498905
2535,0.006047143033444403
2530,-0.04730282907304648
2536,0.004654626698938745
